what,kind,bundleId,bundleVersion,description,time
stopped,bundle,org.hibernate.eclipse.jdt.ui,3.4.0.v20111213-1944-H40-M5,"org.hibernate.eclipse.jdt.ui",1360232578190
stopped,bundle,org.hibernate.eclipse.mapper,3.4.0.v20111213-1944-H40-M5,"org.hibernate.eclipse.mapper",1360232578190
stopped,bundle,org.jboss.tools.hibernate.jpt.core,3.4.0.v20111213-1944-H40-M5,"org.jboss.tools.hibernate.jpt.core",1360232578190
stopped,bundle,org.jboss.tools.hibernate.ui,3.4.0.v20111213-1944-H40-M5,"org.jboss.tools.hibernate.ui",1360232578191
stopped,bundle,org.jboss.tools.hibernateextension3_5,3.4.0.v20111213-1944-H40-M5,"org.jboss.tools.hibernateextension3_5",1360232578191
stopped,bundle,org.jboss.tools.hibernateextension4_0,3.4.0.v20111213-1944-H40-M5,"org.jboss.tools.hibernateextension4_0",1360232578191
stopped,bundle,org.hibernate.eclipse.console,3.4.0.v20111213-1944-H40-M5,"org.hibernate.eclipse.console",1360232578191
stopped,bundle,org.eclipse.jpt.jpa.core,3.0.1.v201109073010,"org.eclipse.jpt.jpa.core",1360232578191
stopped,bundle,com.springsource.com.amazonaws.eclipse.ec2,1.0.0,"com.springsource.com.amazonaws.eclipse.ec2",1360232578191
stopped,bundle,org.eclipse.jpt.common.ui,1.0.0.v201104120000,"org.eclipse.jpt.common.ui",1360232578191
stopped,bundle,org.eclipse.jpt.common.core,1.0.1.v201108080010,"org.eclipse.jpt.common.core",1360232578191
stopped,bundle,org.eclipse.jst.j2ee.xdoclet.runtime,1.1.300.v201004280700,"org.eclipse.jst.j2ee.xdoclet.runtime",1360232578191
stopped,bundle,org.eclipse.jst.j2ee.ejb.annotations.xdoclet,1.2.200.v201103302125,"org.eclipse.jst.j2ee.ejb.annotations.xdoclet",1360232578191
stopped,bundle,org.eclipse.jst.j2ee.ejb.annotations.emitter,1.1.200.v200909290826,"org.eclipse.jst.j2ee.ejb.annotations.emitter",1360232578191
stopped,bundle,org.eclipse.jst.j2ee.ejb.annotation.model,1.1.300.v201003112036,"org.eclipse.jst.j2ee.ejb.annotation.model",1360232578191
stopped,bundle,org.eclipse.jst.jee.ejb,1.0.301.v201007070821,"org.eclipse.jst.jee.ejb",1360232578191
stopped,bundle,org.jboss.tools.ws.jaxrs.ui,1.2.2.v20111213-1525-H50-M5,"org.jboss.tools.ws.jaxrs.ui",1360232578191
stopped,bundle,org.jboss.tools.ws.jaxrs.core,1.2.2.v20111213-1525-H50-M5,"org.jboss.tools.ws.jaxrs.core",1360232578191
stopped,bundle,org.eclipse.jst.j2ee.ejb,1.1.503.v201108102200,"org.eclipse.jst.j2ee.ejb",1360232578191
stopped,bundle,org.eclipse.jst.jee.web,1.0.301.v201007070907,"org.eclipse.jst.jee.web",1360232578191
stopped,bundle,org.eclipse.jst.ws.jaxrs.ui,1.0.401.v201108230518,"org.eclipse.jst.ws.jaxrs.ui",1360232578191
stopped,bundle,org.eclipse.jst.ws.jaxrs.core,1.0.301.v201108240656,"org.eclipse.jst.ws.jaxrs.core",1360232578191
stopped,bundle,org.jboss.ide.eclipse.as.management.as7,2.3.0.v20111213-1423-H61-M5,"org.jboss.ide.eclipse.as.management.as7",1360232578192
stopped,bundle,org.jboss.ide.eclipse.as.management.as71,2.3.0.v20111213-1423-H61-M5,"org.jboss.ide.eclipse.as.management.as71",1360232578192
stopped,bundle,org.jboss.tools.openshift.egit.ui,2.3.0.v20111213-1457-H21-M5,"org.jboss.tools.openshift.egit.ui",1360232578192
stopped,bundle,org.jboss.tools.openshift.egit.core,2.3.0.v20111213-1457-H21-M5,"org.jboss.tools.openshift.egit.core",1360232578192
stopped,bundle,org.jboss.tools.runtime.as.detector,1.3.0.v20111208-1602-H41-M5,"org.jboss.tools.runtime.as.detector",1360232578192
stopped,bundle,org.jboss.ide.eclipse.as.core,2.3.0.v20111213-1423-H61-M5,"org.jboss.ide.eclipse.as.core",1360232578192
stopped,bundle,org.eclipse.jst.j2ee.web,1.1.501.v201108231500,"org.eclipse.jst.j2ee.web",1360232578192
stopped,bundle,org.jboss.ide.eclipse.as.wtp.core,2.3.0.v20111213-1423-H61-M5,"org.jboss.ide.eclipse.as.wtp.core",1360232578193
stopped,bundle,org.eclipse.jst.jee,1.0.401.v201105122000,"org.eclipse.jst.jee",1360232578193
stopped,bundle,org.eclipse.jst.j2ee.jca,1.1.500.v201108102200,"org.eclipse.jst.j2ee.jca",1360232578193
stopped,bundle,org.eclipse.jst.jsf.facesconfig,1.2.2.v201105031140,"org.eclipse.jst.jsf.facesconfig",1360232578193
stopped,bundle,org.jboss.tools.common.validation,3.3.0.v20111208-2036-H34-M5,"org.jboss.tools.common.validation",1360232578193
stopped,bundle,org.jboss.tools.common.el.core,3.3.0.v20111208-2036-H34-M5,"org.jboss.tools.common.el.core",1360232578193
stopped,bundle,org.jboss.tools.common.gef,3.3.0.v20111208-2036-H34-M5,"org.jboss.tools.common.gef",1360232578193
stopped,bundle,org.jboss.tools.common.jdt,3.3.0.v20111208-2036-H34-M5,"org.jboss.tools.common.jdt",1360232578193
stopped,bundle,org.jboss.tools.common.verification,3.3.0.v20111208-2036-H34-M5,"org.jboss.tools.common.verification",1360232578193
stopped,bundle,org.jboss.tools.hibernate.xml,3.4.0.v20111213-1944-H40-M5,"org.jboss.tools.hibernate.xml",1360232578193
stopped,bundle,org.jboss.tools.common.model,3.3.0.v20111208-2036-H34-M5,"org.jboss.tools.common.model",1360232578197
stopped,bundle,org.jboss.tools.common.projecttemplates,3.3.0.v20111208-2036-H34-M5,"org.jboss.tools.common.projecttemplates",1360232578197
stopped,bundle,org.jboss.tools.common.resref.core,3.3.0.v20111208-2036-H34-M5,"org.jboss.tools.common.resref.core",1360232578197
stopped,bundle,org.jboss.tools.common.text.xml,3.3.0.v20111208-2036-H34-M5,"org.jboss.tools.common.text.xml",1360232578198
stopped,bundle,org.jboss.tools.jst.firstrun,3.3.0.v20111208-2115-H35-M5,"org.jboss.tools.jst.firstrun",1360232578198
stopped,bundle,org.jboss.tools.vpe.xulrunner,3.3.0.v20111208-2357-H33-M5,"org.jboss.tools.vpe.xulrunner",1360232578198
stopped,bundle,org.jboss.tools.common,3.3.0.v20111208-2036-H34-M5,"org.jboss.tools.common",1360232578198
stopped,bundle,org.maven.ide.eclipse.wtp.overlay.ui,0.14.0.20110928-2045,"org.maven.ide.eclipse.wtp.overlay.ui",1360232578198
stopped,bundle,org.maven.ide.eclipse.wtp.overlay,0.14.0.20110928-2045,"org.maven.ide.eclipse.wtp.overlay",1360232578198
stopped,bundle,org.eclipse.jst.j2ee,1.1.501.v201108231845,"org.eclipse.jst.j2ee",1360232578198
stopped,bundle,org.eclipse.jst.j2ee.core,1.2.101.v201108110300,"org.eclipse.jst.j2ee.core",1360232578198
stopped,bundle,org.eclipse.m2e.model.edit,1.0.100.20110804-1717,"org.eclipse.m2e.model.edit",1360232578198
stopped,bundle,org.eclipse.wst.dtd.ui,1.0.600.v201103171359,"org.eclipse.wst.dtd.ui",1360232578198
stopped,bundle,org.eclipse.wst.dtd.core,1.1.501.v201107252021,"org.eclipse.wst.dtd.core",1360232578198
stopped,bundle,org.eclipse.wst.xsd.ui,1.2.404.v201105050216,"org.eclipse.wst.xsd.ui",1360232578198
stopped,bundle,org.eclipse.wst.xml.ui,1.1.201.v201108151912,"org.eclipse.wst.xml.ui",1360232578198
stopped,bundle,org.eclipse.wst.xml.xpath2.wtptypes,2.0.0.v201103212215,"org.eclipse.wst.xml.xpath2.wtptypes",1360232578198
stopped,bundle,org.eclipse.wst.xsd.core,1.1.600.v201104070312,"org.eclipse.wst.xsd.core",1360232578198
stopped,bundle,org.eclipse.wst.xml.core,1.1.601.v201108302147,"org.eclipse.wst.xml.core",1360232578198
stopped,bundle,com.atlassian.connector.eclipse.commons.ui,3.0.2.v20111010,"com.atlassian.connector.eclipse.commons.ui",1360232578198
stopped,bundle,org.eclipse.mylyn.bugzilla.ui,3.6.0.v20110608-1400,"org.eclipse.mylyn.bugzilla.ui",1360232578198
stopped,bundle,org.eclipse.team.svn.mylyn,0.7.9.I20110318-1700,"org.eclipse.team.svn.mylyn",1360232578199
stopped,bundle,org.eclipse.mylyn.bugzilla.core,3.6.2.v20110903-0100,"org.eclipse.mylyn.bugzilla.core",1360232578199
stopped,bundle,org.eclipse.ajdt.mylyn.ui,2.2.0.e37x-20120105-1100,"org.eclipse.ajdt.mylyn.ui",1360232578199
stopped,bundle,org.eclipse.mylyn.ide.ant,3.6.0.v20110608-1400,"org.eclipse.mylyn.ide.ant",1360232578199
stopped,bundle,org.eclipse.mylyn.java.ui,3.6.0.v20110608-1400,"org.eclipse.mylyn.java.ui",1360232578199
stopped,bundle,org.eclipse.mylyn.ide.ui,3.6.0.v20110608-1400,"org.eclipse.mylyn.ide.ui",1360232578199
stopped,bundle,org.eclipse.mylyn.team.ui,3.6.1.v20110825-0100,"org.eclipse.mylyn.team.ui",1360232578199
stopped,bundle,org.eclipse.mylyn.resources.ui,3.6.0.v20110608-1400,"org.eclipse.mylyn.resources.ui",1360232578199
stopped,bundle,org.eclipse.mylyn.wikitext.tasks.ui,1.5.0.v20110608-1400,"org.eclipse.mylyn.wikitext.tasks.ui",1360232578199
stopped,bundle,org.eclipse.mylyn.context.ui,3.6.0.v20110608-1400,"org.eclipse.mylyn.context.ui",1360232578199
stopped,bundle,org.eclipse.mylyn.help.ui,3.6.1.v20110830-0100,"org.eclipse.mylyn.help.ui",1360232578199
stopped,bundle,org.eclipse.mylyn.java.tasks,3.6.0.v20110608-1400,"org.eclipse.mylyn.java.tasks",1360232578199
stopped,bundle,org.eclipse.mylyn.tasks.bugs,3.6.1.v20110825-0100,"org.eclipse.mylyn.tasks.bugs",1360232578200
stopped,bundle,org.eclipse.mylyn.tasks.ui,3.6.4.v20111117-0100,"org.eclipse.mylyn.tasks.ui",1360232578200
stopped,bundle,com.atlassian.connector.eclipse.commons.core,3.0.2.v20111010,"com.atlassian.connector.eclipse.commons.core",1360232578200
stopped,bundle,com.atlassian.connector.eclipse.monitor.ui,3.0.2.v20111010,"com.atlassian.connector.eclipse.monitor.ui",1360232578200
stopped,bundle,com.atlassian.connector.eclipse.monitor.core,3.0.2.v20111010,"com.atlassian.connector.eclipse.monitor.core",1360232578200
stopped,bundle,net.sf.jautodoc,1.9.0,"net.sf.jautodoc",1360232578200
stopped,bundle,org.eclipse.help.webapp,3.6.0.v20110518,"org.eclipse.help.webapp",1360232578200
stopped,bundle,org.eclipse.equinox.jsp.jasper.registry,1.0.200.v20100503,"org.eclipse.equinox.jsp.jasper.registry",1360232578200
stopped,bundle,org.eclipse.equinox.jsp.jasper,1.0.300.v20110502,"org.eclipse.equinox.jsp.jasper",1360232578200
stopped,bundle,org.eclipse.ajdt.examples,2.2.0.e37x-20120105-1100,"org.eclipse.ajdt.examples",1360232578200
stopped,bundle,org.eclipse.ajdt.ui,2.2.0.e37x-20120105-1100,"org.eclipse.ajdt.ui",1360232578200
stopped,bundle,org.eclipse.ajdt.core,2.2.0.e37x-20120105-1100,"org.eclipse.ajdt.core",1360232578200
stopped,bundle,org.aspectj.ajde,1.7.0.20111215190600,"org.aspectj.ajde",1360232578201
stopped,bundle,org.codehaus.groovy,1.7.10.xx-20120121-2200-e37,"org.codehaus.groovy",1360232578201
stopped,bundle,com.springsource.sts.groovy.debug.ui,2.8.1.201111221000-RELEASE,"com.springsource.sts.groovy.debug.ui",1360232578201
stopped,bundle,com.springsource.sts.groovy.debug.core,2.8.1.201111221000-RELEASE,"com.springsource.sts.groovy.debug.core",1360232578201
stopped,bundle,org.codehaus.groovy.eclipse.astviews,2.6.1.xx-20120121-2200-e37,"org.codehaus.groovy.eclipse.astviews",1360232578201
stopped,bundle,org.codehaus.groovy.eclipse.quickfix,2.6.1.xx-20120121-2200-e37,"org.codehaus.groovy.eclipse.quickfix",1360232578201
stopped,bundle,org.codehaus.groovy.eclipse.dsl,2.6.1.xx-20120121-2200-e37,"org.codehaus.groovy.eclipse.dsl",1360232578201
stopped,bundle,org.codehaus.groovy.eclipse.codeassist.completion,2.6.1.xx-20120121-2200-e37,"org.codehaus.groovy.eclipse.codeassist.completion",1360232578201
stopped,bundle,org.codehaus.groovy.eclipse.ui,2.6.1.xx-20120121-2200-e37,"org.codehaus.groovy.eclipse.ui",1360232578201
stopped,bundle,org.codehaus.groovy.eclipse.refactoring,2.6.1.xx-20120121-2200-e37,"org.codehaus.groovy.eclipse.refactoring",1360232578201
stopped,bundle,org.codehaus.groovy.eclipse.codebrowsing,2.6.1.xx-20120121-2200-e37,"org.codehaus.groovy.eclipse.codebrowsing",1360232578201
stopped,bundle,org.codehaus.groovy.eclipse.core,2.6.1.xx-20120121-2200-e37,"org.codehaus.groovy.eclipse.core",1360232578201
stopped,bundle,org.eclipse.jdt.groovy.core,2.6.1.xx-20120121-2200-e37,"org.eclipse.jdt.groovy.core",1360232578201
stopped,bundle,org.codehaus.groovy,1.8.4.xx-20120121-2200-e37,"org.codehaus.groovy",1360232578202
stopped,bundle,org.codehaus.groovy.eclipse.ant,2.6.1.xx-20120121-2200-e37,"org.codehaus.groovy.eclipse.ant",1360232578202
stopped,bundle,org.eclipse.jst.server.generic.jboss,1.6.1.v200904151730,"org.eclipse.jst.server.generic.jboss",1360232578202
stopped,bundle,org.eclipse.jst.server.generic.jonas,1.5.205.v200805140145,"org.eclipse.jst.server.generic.jonas",1360232578202
stopped,bundle,org.eclipse.jst.server.generic.oc4j,1.5.206.v20090812,"org.eclipse.jst.server.generic.oc4j",1360232578202
stopped,bundle,org.eclipse.jst.server.websphere.core,1.0.302.v20080620,"org.eclipse.jst.server.websphere.core",1360232578202
stopped,bundle,org.eclipse.jst.server.generic.ui,1.0.505.v20100428,"org.eclipse.jst.server.generic.ui",1360232578202
stopped,bundle,org.zeroturnaround.eclipse.wtp,1.4.5.201201061517,"org.zeroturnaround.eclipse.wtp",1360232578202
stopped,bundle,com.jprofiler.integrations.eclipse,7.1.2,"com.jprofiler.integrations.eclipse",1360232578202
stopped,bundle,org.eclipse.jst.server.generic.core,1.0.700.v20101219,"org.eclipse.jst.server.generic.core",1360232578202
stopped,bundle,org.eclipse.datatools.connectivity.oda.template.ui,3.2.2.v201108260345,"org.eclipse.datatools.connectivity.oda.template.ui",1360232578202
stopped,bundle,org.eclipse.pde.api.tools.ui,1.0.301.v20110803_r371,"org.eclipse.pde.api.tools.ui",1360232578202
stopped,bundle,org.eclipse.pde.ds.ui,1.0.100.v20110516,"org.eclipse.pde.ds.ui",1360232578202
stopped,bundle,org.eclipse.pde.runtime,3.4.201.v20110819-0851,"org.eclipse.pde.runtime",1360232578202
stopped,bundle,org.eclipse.pde.ua.ui,1.0.100.v20110516,"org.eclipse.pde.ua.ui",1360232578202
stopped,bundle,org.eclipse.pde.ui.templates,3.4.400.v20110516,"org.eclipse.pde.ui.templates",1360232578202
stopped,bundle,org.eclipse.pde.ui,3.6.100.v20110603,"org.eclipse.pde.ui",1360232578202
stopped,bundle,org.eclipse.ant.ui,3.5.100.v20110510,"org.eclipse.ant.ui",1360232578202
stopped,bundle,org.eclipse.ant.launching,1.0.100.v20110506,"org.eclipse.ant.launching",1360232578202
stopped,bundle,org.eclipse.emf.importer.ecore,2.6.0.v20100521-1846,"org.eclipse.emf.importer.ecore",1360232578202
stopped,bundle,org.eclipse.emf.importer.java,2.6.0.v20100521-1846,"org.eclipse.emf.importer.java",1360232578202
stopped,bundle,org.eclipse.emf.importer.rose,2.6.0.v20100521-1846,"org.eclipse.emf.importer.rose",1360232578203
stopped,bundle,org.eclipse.emf.ant,2.7.0.v20100905-1633,"org.eclipse.emf.ant",1360232578203
stopped,bundle,org.eclipse.jdt.apt.pluggable.core,1.0.400.v20110305-1450,"org.eclipse.jdt.apt.pluggable.core",1360232578203
stopped,bundle,org.eclipse.jdt.apt.ui,3.3.300.v20110305-1450,"org.eclipse.jdt.apt.ui",1360232578203
stopped,bundle,org.eclipse.jst.ws.jaxb.core,1.0.100.v201104031139,"org.eclipse.jst.ws.jaxb.core",1360232578203
stopped,bundle,org.eclipse.jst.ws.annotations.core,1.1.0.v201104031139,"org.eclipse.jst.ws.annotations.core",1360232578203
stopped,bundle,org.hibernate.eclipse,3.4.0.v20111213-1944-H40-M5,"org.hibernate.eclipse",1360232578203
stopped,bundle,org.eclipse.jdt.apt.core,3.3.500.v20110420-1015,"org.eclipse.jdt.apt.core",1360232578203
stopped,bundle,org.eclipse.mylyn.wikitext.ui,1.5.0.v20110608-1400,"org.eclipse.mylyn.wikitext.ui",1360232578203
stopped,bundle,org.eclipse.mylyn.wikitext.core,1.5.1.v20110720-0100,"org.eclipse.mylyn.wikitext.core",1360232578203
stopped,bundle,org.eclipse.wst.command.env.ui,1.1.103.v201102260635,"org.eclipse.wst.command.env.ui",1360232578203
stopped,bundle,org.eclipse.wst.command.env,1.0.409.v201004211805,"org.eclipse.wst.command.env",1360232578203
stopped,bundle,org.jboss.ide.eclipse.archives.jdt.integration,3.2.1.v20111208-2106-H38-M5,"org.jboss.ide.eclipse.archives.jdt.integration",1360232578203
stopped,bundle,org.jboss.ide.eclipse.archives.ui,3.2.1.v20111208-2106-H38-M5,"org.jboss.ide.eclipse.archives.ui",1360232578203
stopped,bundle,org.jboss.ide.eclipse.archives.core,3.2.1.v20111208-2106-H38-M5,"org.jboss.ide.eclipse.archives.core",1360232578203
stopped,bundle,org.jboss.ide.eclipse.freemarker,1.2.0.v20111208-2109-H35-M5,"org.jboss.ide.eclipse.freemarker",1360232578203
stopped,bundle,org.eclipse.mylyn.commons.xmlrpc,3.6.0.v20110608-1400,"org.eclipse.mylyn.commons.xmlrpc",1360232578203
stopped,bundle,org.eclipse.ecf.provider.filetransfer.httpclient,4.0.0.v20110531-2218,"org.eclipse.ecf.provider.filetransfer.httpclient",1360232578204
stopped,bundle,org.eclipse.epp.mpc.ui,1.1.1.I20110907-0947,"org.eclipse.epp.mpc.ui",1360232578204
stopped,bundle,org.eclipse.epp.mpc.core,1.1.1.I20110907-0947,"org.eclipse.epp.mpc.core",1360232578204
stopped,bundle,org.eclipse.epp.usagedata.ui,1.3.1.R201106061540,"org.eclipse.epp.usagedata.ui",1360232578204
activated,perspective,org.eclipse.jst.j2ee.ui,,"org.eclipse.jst.j2ee.J2EEPerspective",1360232663259
started,bundle,org.eclipse.osgi,3.7.1.R37x_v20110808-1106,"org.eclipse.osgi",1360232663260
started,bundle,org.eclipse.equinox.simpleconfigurator,1.0.200.v20110502-1955,"org.eclipse.equinox.simpleconfigurator",1360232663260
started,bundle,com.atlassian.connector.eclipse.bamboo.core,3.0.2.v20111010,"com.atlassian.connector.eclipse.bamboo.core",1360232663260
started,bundle,com.atlassian.connector.eclipse.bamboo.ui,3.0.2.v20111010,"com.atlassian.connector.eclipse.bamboo.ui",1360232663260
started,bundle,com.atlassian.connector.eclipse.branding.ui,3.0.2.v20111010,"com.atlassian.connector.eclipse.branding.ui",1360232663260
started,bundle,com.atlassian.connector.eclipse.commons.ui,3.0.2.v20111010,"com.atlassian.connector.eclipse.commons.ui",1360232663260
started,bundle,com.atlassian.connector.eclipse.core,3.0.2.v20111010,"com.atlassian.connector.eclipse.core",1360232663260
started,bundle,com.atlassian.connector.eclipse.directclickthrough.ui,3.0.2.v20111010,"com.atlassian.connector.eclipse.directclickthrough.ui",1360232663260
started,bundle,com.atlassian.connector.eclipse.jira.core,3.0.2.v20111010,"com.atlassian.connector.eclipse.jira.core",1360232663260
started,bundle,com.atlassian.connector.eclipse.jira.ui,3.0.2.v20111010,"com.atlassian.connector.eclipse.jira.ui",1360232663260
started,bundle,com.atlassian.connector.eclipse.monitor.core,3.0.2.v20111010,"com.atlassian.connector.eclipse.monitor.core",1360232663260
started,bundle,com.atlassian.connector.eclipse.monitor.ui,3.0.2.v20111010,"com.atlassian.connector.eclipse.monitor.ui",1360232663260
started,bundle,com.beck.ep.wtool,2.4.0,"com.beck.ep.wtool",1360232663260
started,bundle,com.ibm.icu,4.4.2.v20110208,"com.ibm.icu",1360232663260
started,bundle,com.springsource.sts.grails.explorer,2.8.1.201111221000-RELEASE,"com.springsource.sts.grails.explorer",1360232663260
started,bundle,com.springsource.sts.grails.refactoring,2.8.1.201111221000-RELEASE,"com.springsource.sts.grails.refactoring",1360232663260
started,bundle,com.springsource.sts.ide.configurator,2.8.1.201111221000-RELEASE,"com.springsource.sts.ide.configurator",1360232663260
started,bundle,com.springsource.sts.ide.ui,2.8.1.201111221000-RELEASE,"com.springsource.sts.ide.ui",1360232663260
started,bundle,com.springsource.sts.maven,2.8.1.201111221000-RELEASE,"com.springsource.sts.maven",1360232663260
started,bundle,com.springsource.sts.roo.ui,2.8.1.201111221000-RELEASE,"com.springsource.sts.roo.ui",1360232663260
started,bundle,com.springsource.sts.runtimeerroranalysis,2.8.1.201111221000-RELEASE,"com.springsource.sts.runtimeerroranalysis",1360232663260
started,bundle,com.springsource.sts.server.insight.ui,2.8.1.201111221000-RELEASE,"com.springsource.sts.server.insight.ui",1360232663260
started,bundle,com.vaadin.integration.eclipse,2.0.1.201105170102,"com.vaadin.integration.eclipse",1360232663260
started,bundle,com.xored.glance.ui,0.9.1,"com.xored.glance.ui",1360232663260
started,bundle,org.codehaus.groovy.eclipse.dsl,2.6.1.xx-20120121-2200-e37,"org.codehaus.groovy.eclipse.dsl",1360232663260
started,bundle,org.eclipse.contribution.weaving.jdt,2.2.0.e37x-20120105-1100,"org.eclipse.contribution.weaving.jdt",1360232663260
started,bundle,org.eclipse.core.contenttype,3.4.100.v20110423-0524,"org.eclipse.core.contenttype",1360232663260
started,bundle,org.eclipse.core.databinding.observable,1.4.0.I20110222-0800,"org.eclipse.core.databinding.observable",1360232663260
started,bundle,org.eclipse.core.expressions,3.4.300.v20110228,"org.eclipse.core.expressions",1360232663260
started,bundle,org.eclipse.core.filebuffers,3.5.200.v20110505-0800,"org.eclipse.core.filebuffers",1360232663260
started,bundle,org.eclipse.core.filesystem,1.3.100.v20110423-0524,"org.eclipse.core.filesystem",1360232663260
started,bundle,org.eclipse.core.jobs,3.5.100.v20110404,"org.eclipse.core.jobs",1360232663260
started,bundle,org.eclipse.core.net,1.2.100.I20110511-0800,"org.eclipse.core.net",1360232663260
started,bundle,org.eclipse.core.resources,3.7.100.v20110510-0712,"org.eclipse.core.resources",1360232663260
started,bundle,org.eclipse.core.runtime,3.7.0.v20110110,"org.eclipse.core.runtime",1360232663260
started,bundle,org.eclipse.core.runtime.compatibility,3.2.100.v20100505,"org.eclipse.core.runtime.compatibility",1360232663260
started,bundle,org.eclipse.core.runtime.compatibility.auth,3.2.200.v20110110,"org.eclipse.core.runtime.compatibility.auth",1360232663260
started,bundle,org.eclipse.debug.core,3.7.0.v20110518,"org.eclipse.debug.core",1360232663260
started,bundle,org.eclipse.dltk.core,3.0.1.v20110823,"org.eclipse.dltk.core",1360232663260
started,bundle,org.eclipse.dltk.launching,3.0.0.v20110423,"org.eclipse.dltk.launching",1360232663260
started,bundle,org.eclipse.dltk.ui,3.0.1.v20110823,"org.eclipse.dltk.ui",1360232663260
started,bundle,org.eclipse.ecf,3.1.300.v20110531-2218,"org.eclipse.ecf",1360232663260
started,bundle,org.eclipse.ecf.filetransfer,5.0.0.v20110531-2218,"org.eclipse.ecf.filetransfer",1360232663260
started,bundle,org.eclipse.ecf.identity,3.1.100.v20110531-2218,"org.eclipse.ecf.identity",1360232663260
started,bundle,org.eclipse.ecf.provider.filetransfer,3.2.0.v20110531-2218,"org.eclipse.ecf.provider.filetransfer",1360232663260
started,bundle,org.eclipse.ecf.provider.filetransfer.httpclient,4.0.0.v20110531-2218,"org.eclipse.ecf.provider.filetransfer.httpclient",1360232663260
started,bundle,org.eclipse.egit.core,1.1.0.201109151100-r,"org.eclipse.egit.core",1360232663260
started,bundle,org.eclipse.egit.ui,1.1.0.201109151100-r,"org.eclipse.egit.ui",1360232663260
started,bundle,org.eclipse.emf.common,2.7.0.v20110912-0920,"org.eclipse.emf.common",1360232663260
started,bundle,org.eclipse.emf.common.ui,2.7.0.v20110913-1156,"org.eclipse.emf.common.ui",1360232663260
started,bundle,org.eclipse.emf.ecore,2.7.0.v20110912-0920,"org.eclipse.emf.ecore",1360232663260
started,bundle,org.eclipse.emf.ecore.xmi,2.7.0.v20110520-1406,"org.eclipse.emf.ecore.xmi",1360232663260
started,bundle,org.eclipse.emf.edit,2.7.1.v20110913-1526,"org.eclipse.emf.edit",1360232663260
started,bundle,org.eclipse.emf.edit.ui,2.7.0.v20110913-1156,"org.eclipse.emf.edit.ui",1360232663260
started,bundle,org.eclipse.epp.mpc.ui,1.1.1.I20110907-0947,"org.eclipse.epp.mpc.ui",1360232663260
started,bundle,org.eclipse.epp.usagedata.gathering,1.3.1.R201106061540,"org.eclipse.epp.usagedata.gathering",1360232663260
started,bundle,org.eclipse.epp.usagedata.recording,1.3.1.R201106061540,"org.eclipse.epp.usagedata.recording",1360232663260
started,bundle,org.eclipse.equinox.app,1.3.100.v20110321,"org.eclipse.equinox.app",1360232663260
started,bundle,org.eclipse.equinox.common,3.6.0.v20110523,"org.eclipse.equinox.common",1360232663260
started,bundle,org.eclipse.equinox.ds,1.3.1.R37x_v20110701,"org.eclipse.equinox.ds",1360232663260
started,bundle,org.eclipse.equinox.event,1.2.100.v20110502,"org.eclipse.equinox.event",1360232663260
started,bundle,org.eclipse.equinox.p2.artifact.repository,1.1.101.R37x_v20110714,"org.eclipse.equinox.p2.artifact.repository",1360232663260
started,bundle,org.eclipse.equinox.p2.core,2.1.0.v20110502-1955,"org.eclipse.equinox.p2.core",1360232663260
started,bundle,org.eclipse.equinox.p2.director,2.1.0.v20110504-1715,"org.eclipse.equinox.p2.director",1360232663260
started,bundle,org.eclipse.equinox.p2.directorywatcher,1.0.300.v20110502-1955,"org.eclipse.equinox.p2.directorywatcher",1360232663260
started,bundle,org.eclipse.equinox.p2.engine,2.1.0.v20110511,"org.eclipse.equinox.p2.engine",1360232663260
started,bundle,org.eclipse.equinox.p2.extensionlocation,1.2.100.v20110510,"org.eclipse.equinox.p2.extensionlocation",1360232663260
started,bundle,org.eclipse.equinox.p2.garbagecollector,1.0.200.v20110510,"org.eclipse.equinox.p2.garbagecollector",1360232663260
started,bundle,org.eclipse.equinox.p2.metadata,2.1.0.v20110510,"org.eclipse.equinox.p2.metadata",1360232663260
started,bundle,org.eclipse.equinox.p2.metadata.repository,1.2.0.v20110511-1359,"org.eclipse.equinox.p2.metadata.repository",1360232663260
started,bundle,org.eclipse.equinox.p2.operations,2.1.0.v20110511-1821,"org.eclipse.equinox.p2.operations",1360232663260
started,bundle,org.eclipse.equinox.p2.publisher,1.2.0.v20110511,"org.eclipse.equinox.p2.publisher",1360232663260
started,bundle,org.eclipse.equinox.p2.publisher.eclipse,1.0.0.v20110511,"org.eclipse.equinox.p2.publisher.eclipse",1360232663260
started,bundle,org.eclipse.equinox.p2.reconciler.dropins,1.1.100.v20110510,"org.eclipse.equinox.p2.reconciler.dropins",1360232663260
started,bundle,org.eclipse.equinox.p2.repository,2.1.0.v20110601,"org.eclipse.equinox.p2.repository",1360232663260
started,bundle,org.eclipse.equinox.p2.touchpoint.eclipse,2.1.1.R37x_v20110815-0935,"org.eclipse.equinox.p2.touchpoint.eclipse",1360232663260
started,bundle,org.eclipse.equinox.p2.transport.ecf,1.0.0.v20110510,"org.eclipse.equinox.p2.transport.ecf",1360232663260
started,bundle,org.eclipse.equinox.p2.ui.sdk.scheduler,1.0.100.v20110502-1955,"org.eclipse.equinox.p2.ui.sdk.scheduler",1360232663261
started,bundle,org.eclipse.equinox.p2.updatechecker,1.1.200.v20110502-1955,"org.eclipse.equinox.p2.updatechecker",1360232663261
started,bundle,org.eclipse.equinox.preferences,3.4.1.R37x_v20110725,"org.eclipse.equinox.preferences",1360232663261
started,bundle,org.eclipse.equinox.registry,3.5.101.R37x_v20110810-1611,"org.eclipse.equinox.registry",1360232663261
started,bundle,org.eclipse.equinox.security,1.1.1.R37x_v20110822-1018,"org.eclipse.equinox.security",1360232663261
started,bundle,org.eclipse.equinox.util,1.0.300.v20110502,"org.eclipse.equinox.util",1360232663261
started,bundle,org.eclipse.equinox.weaving.aspectj,1.0.1.R3_7,"org.eclipse.equinox.weaving.aspectj",1360232663261
started,bundle,org.eclipse.equinox.weaving.caching,1.0.100.R3_7,"org.eclipse.equinox.weaving.caching",1360232663261
started,bundle,org.eclipse.equinox.weaving.caching.j9,1.0.100.R3_7,"org.eclipse.equinox.weaving.caching.j9",1360232663261
started,bundle,org.eclipse.help,3.5.100.v20110426,"org.eclipse.help",1360232663261
started,bundle,org.eclipse.jdt.core,3.7.1.xx-20120121-2200-e37,"org.eclipse.jdt.core",1360232663261
started,bundle,org.eclipse.jdt.core.manipulation,1.4.0.v20110505-0800,"org.eclipse.jdt.core.manipulation",1360232663261
started,bundle,org.eclipse.jdt.debug,3.7.1.v20110802_r371,"org.eclipse.jdt.debug",1360232663261
started,bundle,org.eclipse.jdt.groovy.core,2.6.1.xx-20120121-2200-e37,"org.eclipse.jdt.groovy.core",1360232663261
started,bundle,org.eclipse.jdt.launching,3.6.1.v20110803_r371,"org.eclipse.jdt.launching",1360232663261
started,bundle,org.eclipse.jdt.ui,3.7.1.r371_v20110824-0800,"org.eclipse.jdt.ui",1360232663261
started,bundle,org.eclipse.jem.util,2.1.100.v201103021400,"org.eclipse.jem.util",1360232663261
started,bundle,org.eclipse.jface,3.7.0.I20110522-1430,"org.eclipse.jface",1360232663261
started,bundle,org.eclipse.jgit,1.1.0.201109151100-r,"org.eclipse.jgit",1360232663261
started,bundle,org.eclipse.jsch.core,1.1.300.I20110514-0800,"org.eclipse.jsch.core",1360232663261
started,bundle,org.eclipse.jst.common.project.facet.core,1.4.200.v201103170302,"org.eclipse.jst.common.project.facet.core",1360232663261
started,bundle,org.eclipse.jst.j2ee.webservice,1.1.400.v201004110600,"org.eclipse.jst.j2ee.webservice",1360232663261
